集数,时间,收视率
161,1.5.,6.7
162,1.12.,6.4
163,1.19.,6.3
164,1.26.,6.8
165,2.2.,6.1
166,2.9.,9.6
167,2.16.,6.0
168,2.23.,6.5
169,3.2.,5.4
170,3.9.,5.1
171,3.16.,5.7
172,3.23.,5.8
173,3.30.,4.9
174,4.6.,4.2
175,4.13.,5.1
176,4.20.,3.8
177,4.27.,4.4
178,5.4.,4.4
179,5.11.,5.8
180,5.18.,4.7
181,5.25.,5.2
182,6.1.,5.5
183,6.8.,6.0
184,06.15.,5.3
185,06.22.,6.7
186,06.29.,7.2
187,07.06.,5.8
188,07.13.,4.3
189,07.20.,5.7
190,07.27.,5.7
191,08.03.,4.6
192,08.10.,3.7
193,08.17.,4.3
194,08.24.,5.1
195,08.31.,4.0
196,09.07.,4.4
197,09.21.,5.5
198,09.28.,4.9
199,10.05.,4.8
200,10.12.,5.1
201,10.19.,5.4
202,10.26.,4.8
203,11.02.,6.3
204,11.09.,4.3
205,11.16.,5.7
206,11.23.,3.5
207,11.30.,6.9
208,12.07.,5.0
209,12.14.,4.6
210,12.21.,5.0
211,12.28.,4.1